METRICA,VALOR_ACTUAL,OBJETIVO,ESTADO,FECHA_MEDICION,RESPONSABLE,COMENTARIOS

COMPONENTES_TOTALES,71,71,‚úÖ Completo,22/07/2025,Dev,Todos los componentes identificados y documentados
COMPONENTES_FUNCIONALES,59,71,üîÑ 83% Completo,22/07/2025,Dev,12 componentes pendientes de completar
ERRORES_CRITICOS,3,0,‚ö†Ô∏è Pendiente,22/07/2025,Dev,Errores de import en comandos del bot
APIS_FUNCIONALES,21,21,‚úÖ Completo,22/07/2025,Dev,Todos los endpoints funcionando correctamente
FILTROS_IMPLEMENTADOS,3,3,‚úÖ Completo,22/07/2025,Dev,Trimestre + Estado + Grupo operativo funcionando

BOT_COMANDOS_OK,2,5,‚ùå 40% Completo,22/07/2025,Dev,3 comandos con error de import
BOT_BOTONES_OK,1,3,‚ùå 33% Completo,22/07/2025,Dev,2 botones con mismo error de import
BOT_INLINE_REAL_DATA,0,5,‚ùå 0% Completo,22/07/2025,Dev,Todos muestran datos simulados
WEBAPP_PAGES_OK,2,2,‚úÖ Completo,22/07/2025,Dev,Dashboard principal y √°reas funcionando

RESPONSIVE_MOBILE,0,1,‚ùå Pendiente,22/07/2025,QA,No testeado en m√≥vil a√∫n
RESPONSIVE_DESKTOP,0,1,‚ùå Pendiente,22/07/2025,QA,No testeado cross-browser a√∫n
PERFORMANCE_OK,0,1,‚ùå Pendiente,22/07/2025,QA,No medido performance a√∫n
ERROR_HANDLING_OK,0,1,‚ùå Pendiente,22/07/2025,Dev,Manejo de errores b√°sico implementado

DATABASE_QUERIES_OK,15,15,‚úÖ Completo,22/07/2025,Dev,Todas las consultas funcionando
DATABASE_PERFORMANCE,0,1,‚ùå Pendiente,22/07/2025,Dev,No optimizado para producci√≥n
SECURITY_BASIC,1,1,‚úÖ Completo,22/07/2025,Dev,HTTPS y tokens seguros configurados
MONITORING,0,1,‚ùå Pendiente,22/07/2025,DevOps,Sin sistema de monitoreo

DOCUMENTACION,40,100,‚ùå 40% Completo,22/07/2025,Dev,README b√°sico + comentarios c√≥digo
TESTING_MANUAL,0,100,‚ùå 0% Completo,22/07/2025,QA,Sin testing sistem√°tico a√∫n
TESTING_AUTOMATIZADO,0,100,‚ùå 0% Completo,22/07/2025,QA,Sin suite de tests
DEPLOY_PRODUCCION,0,1,‚ùå Pendiente,22/07/2025,DevOps,Corriendo en desarrollo solamente

TIEMPO_INVERTIDO,45,80,üîÑ 56% Completo,22/07/2025,Team,45 horas de desarrollo hasta ahora
BUGS_IDENTIFICADOS,12,0,‚ö†Ô∏è 12 Pendientes,22/07/2025,Team,12 issues identificados para resolver
FEATURES_COMPLETAS,8,15,üîÑ 53% Completo,22/07/2025,Team,8 de 15 features principales completas

VELOCIDAD_DESARROLLO,5,3,‚úÖ Superado,22/07/2025,Dev,5 features por d√≠a vs objetivo 3
CALIDAD_CODIGO,70,85,‚ö†Ô∏è Por debajo,22/07/2025,Dev,Necesita refactoring y cleanup
SATISFACCION_STAKEHOLDER,75,90,‚ö†Ô∏è Por debajo,22/07/2025,PM,Necesita pulir antes de demo

HORAS_ESTIMADAS_RESTANTES,35,35,üîÑ En Track,22/07/2025,PM,35h para completar producci√≥n ready
RIESGO_CRONOGRAMA,Medio,Bajo,‚ö†Ô∏è Atenci√≥n,22/07/2025,PM,Riesgo por temas de responsive y testing
RIESGO_TECNICO,Bajo,Bajo,‚úÖ Controlado,22/07/2025,Tech Lead,Arquitectura s√≥lida funcionando

USUARIOS_TELEGRAM_TEST,5,10,üîÑ 50% Completo,22/07/2025,QA,5 usuarios probaron el bot
FEEDBACK_POSITIVO,80,85,‚ö†Ô∏è Cerca,22/07/2025,QA,Feedback mayormente positivo
ERRORES_REPORTADOS,3,0,‚ö†Ô∏è Pendiente,22/07/2025,QA,3 errores reportados por usuarios

SERVIDOR_UPTIME,95,99,‚ö†Ô∏è Por debajo,22/07/2025,DevOps,Ngrok ocasionalmente se desconecta
DATABASE_UPTIME,100,99.9,‚úÖ Superado,22/07/2025,DevOps,Neon PostgreSQL muy estable
API_RESPONSE_TIME,250,500,‚úÖ Superado,22/07/2025,Dev,Respuestas r√°pidas (250ms promedio)

COBERTURA_FUNCIONALIDADES,85,100,üîÑ 85% Completo,22/07/2025,Dev,Funcionalidades principales completas
COBERTURA_TESTING,5,90,‚ùå 5% Completo,22/07/2025,QA,Muy poco testing sistem√°tico
COBERTURA_DOCUMENTACION,30,80,‚ùå 30% Completo,22/07/2025,Dev,Documentaci√≥n insuficiente

LINEAS_CODIGO,2500,3000,üîÑ 83% Estimado,22/07/2025,Dev,~2500 l√≠neas c√≥digo funcional
ARCHIVOS_PROYECTO,45,50,üîÑ 90% Completo,22/07/2025,Dev,Estructura de proyecto casi completa
COMMITS_GITHUB,25,30,üîÑ 83% Completo,22/07/2025,Dev,Buen historial de commits

PRESUPUESTO_GASTADO,0,500,‚úÖ En Budget,22/07/2025,PM,$0 gastado hasta ahora (desarrollo)
TIEMPO_MERCADO,7,10,‚úÖ Adelantado,22/07/2025,PM,7 d√≠as vs 10 d√≠as objetivo
COMPETITIVIDAD,Alta,Alta,‚úÖ Objetivo,22/07/2025,Business,Producto competitivo en mercado